{"_timestamp":1.7648998709171271e+09,"_runtime":18019.60512203,"_step":114,"trial":114,"trial_acc":0.65,"trial_correct":65,"_wandb":{"runtime":18019},"trial_total_problems":100}