{"trial_acc":0.65,"_wandb":{"runtime":18019},"trial_correct":65,"trial_total_problems":100,"_timestamp":1.7648995330604732e+09,"_runtime":18019.788959383,"_step":116,"trial":116}