{"_timestamp":1.7648993078821054e+09,"_runtime":18019.642929839,"_step":105,"_wandb":{"runtime":18019},"trial":105,"trial_acc":0.65,"trial_correct":65,"trial_total_problems":100}