{"_timestamp":1.764900163562014e+09,"_runtime":18019.527126222,"_step":118,"_wandb":{"runtime":18019},"trial":118,"trial_acc":0.65,"trial_correct":65,"trial_total_problems":100}