{"trial_correct":65,"_wandb":{"runtime":18019},"trial_total_problems":100,"_timestamp":1.7648998156596406e+09,"_runtime":18019.704135145,"_step":109,"trial":109,"trial_acc":0.65}