{"trial_total_problems":100,"_timestamp":1.7649000345219479e+09,"_runtime":18019.761013484,"_step":112,"trial":112,"_wandb":{"runtime":18019},"trial_acc":0.65,"trial_correct":65}