{"_step":111,"trial":111,"trial_acc":0.65,"trial_correct":65,"trial_total_problems":100,"_timestamp":1.7648991990034409e+09,"_wandb":{"runtime":18019},"_runtime":18019.581117428}