{"_wandb":{"runtime":18019},"trial_total_problems":100,"_timestamp":1.7648998788285906e+09,"_runtime":18019.663077797,"_step":115,"trial":115,"trial_acc":0.65,"trial_correct":65}